Length,Pitch_0,Pitch_1,Pitch_2,Pitch_3,Pitch_4,Pitch_5,Pitch_6,Pitch_7,Pitch_8,Pitch_9,RMS_0,RMS_1,RMS_2,RMS_3,RMS_4,RMS_5,RMS_6,RMS_7,RMS_8,RMS_9,Type
14276,988.607272,989.816698,989.830539,989.216306,988.637690,987.379054,986.032768,987.517551,987.114129,986.594330,0.028213,0.026399,0.025943,0.025818,0.025704,0.025036,0.025291,0.025385,0.026048,0.024942
